LHCGR	FSHR	CA_deviation_A	used_in_fit	min_dist_to_ligand
PRO345	PRO348	0.590	1	
GLU346	LYS349	0.581	1	
PRO347	PRO350	1.093	1	
ASP348	ASP351	0.726	1	7.44
ALA349	ALA352	0.797	1	4.19
PHE350	PHE353	0.627	1	3.34
ASN351	ASN354	0.684	1	7.50
PRO352	PRO355	1.323	1	7.85
CYS353	CYS356	1.993	1	
GLU354	GLU357	1.088	1	
ASP355	ASP358	1.163	1	
ILE356	ILE359	0.894	1	
MET357	MET360	1.046	1	
GLY358	GLY361	1.684	1	
TYR359	TYR362	1.659	1	
ASP360	ASN363	1.714	1	
PHE361	ILE364	0.762	1	
LEU362	LEU365	0.100	1	
ARG363	ARG366	0.174	1	
VAL364	VAL367	0.535	1	
LEU365	LEU368	0.620	1	
ILE366	ILE369	0.323	1	
TRP367	TRP370	0.452	1	
LEU368	PHE371	0.474	1	
ILE369	ILE372	0.356	1	
ASN370	SER373	1.025	1	
ILE371	ILE374	0.494	1	
LEU372	LEU375	0.285	1	
ALA373	ALA376	0.958	1	
ILE374	ILE377	0.699	1	
LEU401	LEU404	0.341	1	
SER402	ALA405	0.124	1	
PHE403	PHE406	0.270	1	
ALA404	ALA407	0.380	1	
ASP405	ASP408	0.397	1	
PHE406	LEU409	0.403	1	
CYS407	CYS410	0.576	1	
MET408	ILE411	0.619	1	7.01
GLY409	GLY412	0.504	1	
LEU410	ILE413	0.473	1	
TYR411	TYR414	0.522	1	
LEU412	LEU415	0.489	1	
LEU413	LEU416	0.424	1	
LEU414	LEU417	0.419	1	
ILE415	ILE418	0.333	1	
ALA416	ALA419	0.630	1	
SER417	SER420	0.530	1	
VAL418	VAL421	0.115	1	
ASP419	ASP422	0.331	1	
SER420	ILE423	0.566	1	
GLN421	HIS424	0.429	1	
THR422	THR425	0.548	1	
LYS423	LYS426	0.544	1	
GLY424	SER427	0.607	1	
GLN425	GLN428	0.818	1	
TYR426	TYR429	0.331	1	
TYR427	HIS430	0.226	1	
ASN428	ASN431	0.517	1	
HIS429	TYR432	0.776	1	
ALA430	ALA433	0.776	1	
ILE431	ILE434	0.526	1	
ASP432	ASP435	0.916	1	
TRP433	TRP436	1.100	1	
GLN434	GLN437	1.203	1	
THR435	THR438	1.056	1	
GLY436	GLY439	0.966	1	
SER437	ALA440	1.124	1	
GLY438	GLY441	0.856	1	
CYS439	CYS442	0.567	1	
SER440	ASP443	0.526	1	
THR441	ALA444	0.430	1	
ALA442	ALA445	0.333	1	7.96
GLY443	GLY446	0.232	1	6.01
PHE444	PHE447	0.097	1	7.74
PHE445	PHE448	0.119	1	7.32
THR446	THR449	0.275	1	4.52
VAL447	VAL450	0.227	1	3.96
PHE448	PHE451	0.139	1	6.49
ALA449	ALA452	0.159	1	7.76
SER450	SER453	0.109	1	4.07
GLU451	GLU454	0.075	1	3.53
LEU452	LEU455	0.155	1	
SER453	SER456	0.256	1	
VAL454	VAL457	0.131	1	7.45
TYR455	TYR458	0.219	1	
THR456	THR459	0.249	1	
LEU457	LEU460	0.357	1	
THR458	THR461	0.400	1	
GLY490	GLY493	0.509	1	
TRP491	TRP494	0.332	1	
LEU492	ILE495	0.451	1	
PHE493	PHE496	0.544	1	
SER494	ALA497	0.413	1	
SER495	PHE498	0.322	1	
LEU496	ALA499	0.444	1	
ILE497	ALA500	0.673	1	6.27
ALA498	ALA501	0.571	1	7.95
MET499	LEU502	0.252	1	
LEU500	PHE503	0.192	1	
PRO501	PRO504	0.300	1	
LEU502	ILE505	0.372	1	
VAL503	PHE506	0.452	1	
GLY504	GLY507	0.495	1	
VAL505	ILE508	0.287	1	
SER506	SER509	0.509	1	
ASN507	SER510	0.379	1	
TYR508	TYR511	0.666	1	6.77
MET509	MET512	0.640	1	
LYS510	LYS513	0.735	1	7.21
VAL511	VAL514	0.452	1	7.30
SER512	SER515	0.252	1	
ILE513	ILE516	0.465	1	6.82
CYS514	CYS517	0.232	1	7.39
PHE515	LEU518	0.182	1	3.21
PRO516	PRO519	0.254	1	3.37
MET517	MET520	0.274	1	3.49
ASP518	ASP521	0.298	1	5.44
VAL519	ILE522	0.312	1	3.41
GLU520	ASP523	0.502	1	7.28
THR521	SER524	0.630	1	
THR522	PRO525	0.758	1	
LEU523	LEU526	0.685	1	
SER524	SER527	0.450	1	7.56
GLN525	GLN528	0.647	1	7.79
VAL526	LEU529	1.259	1	
TYR527	TYR530	0.992	1	5.72
ILE528	VAL531	0.930	1	3.67
LEU529	MET532	0.943	1	7.28
THR530	SER533	0.837	1	
ILE531	LEU534	0.623	1	3.52
LEU532	LEU535	0.448	1	4.73
ILE533	VAL536	0.515	1	
LEU534	LEU537	0.286	1	
ASN535	ASN538	0.385	1	4.40
VAL536	VAL539	0.379	1	
VAL537	LEU540	0.405	1	
ALA538	ALA541	0.282	1	
PHE539	PHE542	0.214	1	
PHE540	VAL543	0.264	1	
ILE541	VAL544	0.286	1	
ILE542	ILE545	0.326	1	
CYS543	CYS546	0.385	1	
ILE575	ILE578	0.372	1	
PHE576	PHE579	0.267	1	
THR577	THR580	0.192	1	
ASP578	ASP581	0.564	1	
PHE579	PHE582	0.491	1	
THR580	LEU583	0.380	1	
CYS581	CYS584	0.362	1	
MET582	MET585	0.654	1	
ALA583	ALA586	0.589	1	
PRO584	PRO587	0.686	1	6.29
ILE585	ILE588	0.468	1	4.48
SER586	SER589	0.630	1	6.75
PHE587	PHE590	0.855	1	7.12
PHE588	PHE591	0.752	1	4.25
ALA589	ALA592	0.322	1	3.84
ILE590	ILE593	0.289	1	6.33
SER591	SER594	0.421	1	7.09
ALA592	ALA595	0.606	1	3.58
ALA593	SER596	0.402	1	4.33
PHE594	LEU597	0.375	1	6.55
LYS595	LYS598	0.710	1	3.41
VAL596	VAL599	0.552	1	6.64
PRO597	PRO600	0.631	1	3.27
LEU598	LEU601	0.623	1	6.61
ILE599	ILE602	0.259	1	3.86
THR600	THR603	0.680	1	4.60
VAL601	VAL604	0.636	1	3.49
THR602	SER605	0.613	1	6.78
ASN603	LYS606	0.884	1	6.97
SER604	ALA607	0.694	1	2.78
LYS605	LYS608	1.077	1	6.77
VAL606	ILE609	0.920	1	
LEU607	LEU610	0.455	1	4.90
LEU608	LEU611	1.092	1	6.00
VAL609	VAL612	1.340	1	
LEU610	LEU613	1.048	1	
PHE611	PHE614	0.341	1	
TYR612	HIS615	0.482	1	3.78
PRO613	PRO616	0.612	1	
ILE614	ILE617	0.395	1	
ASN615	ASN618	0.249	1	
SER616	SER619	0.593	1	
CYS617	CYS620	0.610	1	
ALA618	ALA621	0.422	1	
ASN619	ASN622	0.242	1	
