configuration	pose_rank	score	cnn_score	rmsd_to_crystal_A	centroid_offset_A	atom_overlap_pct
ad4_scoring_rigid	1	-57.89		10.42	0.87	91
ad4_scoring_rigid	2	-56.87		10.21	0.82	91
ad4_scoring_rigid	3	-56.04		10.62	0.13	100
ad4_scoring_rigid	4	-56.02		10.41	2.32	83
ad4_scoring_rigid	5	-55.68		3.85	0.86	100
ad4_scoring_rigid	6	-55.18		5.30	1.01	77
ad4_scoring_rigid	7	-55.12		1.03	0.34	100
ad4_scoring_rigid	8	-54.75		9.14	2.09	69
ad4_scoring_rigid	9	-54.01		5.83	0.77	74
dkoes_fast_rigid	1	-9.15		8.19	2.25	54
dkoes_fast_rigid	2	-8.94		6.05	1.09	71
dkoes_fast_rigid	3	-8.93		3.47	2.36	80
dkoes_fast_rigid	4	-8.86		10.39	2.27	77
dkoes_fast_rigid	5	-8.85		5.75	1.44	74
dkoes_fast_rigid	6	-8.85		2.17	1.30	91
dkoes_fast_rigid	7	-8.84		10.13	0.71	86
dkoes_fast_rigid	8	-8.81		6.42	2.71	71
dkoes_fast_rigid	9	-8.81		8.58	0.67	86
dkoes_scoring_rigid	1	-9.53		6.59	0.94	69
dkoes_scoring_rigid	2	-9.43		5.75	1.76	60
dkoes_scoring_rigid	3	-9.43		3.47	2.15	77
dkoes_scoring_rigid	4	-9.28		8.17	1.84	66
dkoes_scoring_rigid	5	-9.24		5.47	1.61	66
dkoes_scoring_rigid	6	-9.23		8.54	0.92	80
dkoes_scoring_rigid	7	-9.20		10.51	2.64	69
dkoes_scoring_rigid	8	-9.13		8.18	2.28	54
dkoes_scoring_rigid	9	-9.10		10.53	2.79	77
gnina_cnn	1	-10.35		0.99	0.81	100
gnina_cnn	2	-10.25		3.77	0.40	97
gnina_cnn	3	-10.45		10.58	0.41	97
gnina_cnn	4	-10.08		3.57	0.42	97
gnina_cnn	5	-6.93		10.49	3.69	69
gnina_cnn	6	-8.71		10.30	2.60	86
gnina_cnn	7	-9.28		5.47	0.47	91
gnina_cnn	8	-9.38		3.60	0.89	94
gnina_cnn	9	-9.45		9.84	1.06	94
vina_flexK595	1	-10.50		10.55	0.35	97
vina_flexK595	2	-10.47		10.48	0.78	94
vina_flexK595	3	-10.44		10.67	0.24	97
vina_flexK595	4	-10.37		0.99	0.80	100
vina_flexK595	5	-10.34		3.78	0.59	100
vina_flexK595	6	-10.27		3.57	0.46	97
vina_flexK595	7	-9.95		10.35	0.80	100
vina_flexK595	8	-9.94		3.65	0.63	100
vina_flexK595	9	-9.84		10.45	0.25	97
vina_rigid	1	-10.45		10.58	0.41	97
vina_rigid	2	-10.35		0.99	0.81	100
vina_rigid	3	-10.25		3.77	0.40	97
vina_rigid	4	-10.08		3.57	0.42	97
vina_rigid	5	-9.64		1.16	0.58	97
vina_rigid	6	-9.45		9.84	1.06	94
vina_rigid	7	-9.38		3.60	0.89	94
vina_rigid	8	-9.28		5.47	0.47	91
vina_rigid	9	-9.22		10.59	3.14	69
vinardo_flexK595	1	-8.62		0.93	0.52	100
vinardo_flexK595	2	-8.44		8.09	2.62	89
vinardo_flexK595	3	-8.42		0.89	0.52	100
vinardo_flexK595	4	-8.39		10.18	4.34	63
vinardo_flexK595	5	-8.26		10.57	0.37	97
vinardo_flexK595	6	-8.21		6.07	1.72	77
vinardo_flexK595	7	-8.20		10.58	0.43	100
vinardo_flexK595	8	-8.18		3.75	0.48	100
vinardo_flexK595	9	-7.92		10.44	0.57	97
vinardo_rigid	1	-8.61		3.76	0.42	100
vinardo_rigid	2	-8.53		0.82	0.48	100
vinardo_rigid	3	-8.31		10.60	0.29	97
vinardo_rigid	4	-8.05		3.55	0.31	97
vinardo_rigid	5	-8.04		10.55	0.57	94
vinardo_rigid	6	-7.94		10.31	1.00	100
vinardo_rigid	7	-7.28		10.58	4.04	77
vinardo_rigid	8	-7.09		7.95	2.09	89
vinardo_rigid	9	-7.08		1.15	0.50	97
