direction	receptor_residue	ligand_atom	distance	position_status
55Z_into_FSHR	PHE353(CE1)	C34	2.68	divergent
55Z_into_FSHR	PRO519(O)	S16	3.24	divergent
55Z_into_FSHR	ILE602(O)	C28	3.34	divergent
55Z_into_FSHR	VAL531(CG2)	S16	3.36	divergent
55Z_into_FSHR	ALA607(CB)	C22	3.37	divergent
55Z_into_FSHR	GLU454(OE2)	C3	3.45	divergent
55Z_into_FSHR	ILE522(CG1)	S17	3.52	divergent
55Z_into_FSHR	ALA592(CB)	C24	3.58	divergent
55Z_into_FSHR	MET520(CA)	N14	3.62	divergent
55Z_into_FSHR	VAL450(CG2)	C1	3.65	divergent
55Z_into_FSHR	VAL604(CG2)	C28	3.65	divergent
55Z_into_FSHR	LEU534(CD1)	C3	3.66	divergent
55Z_into_FSHR	ALA595(CB)	C18	3.68	conserved
55Z_into_FSHR	SER596(OG)	S17	3.72	divergent
55Z_into_FSHR	PRO600(CB)	O32	3.73	divergent
55Z_into_FSHR	LEU518(CD2)	O7	3.85	divergent
55Z_into_FSHR	ASN538(ND2)	C4	4.00	divergent
55Z_into_FSHR	PHE591(CB)	C22	4.00	divergent
55Z_into_FSHR	THR603(C)	C28	4.05	divergent
55Z_into_FSHR	ILE588(CG2)	N35	4.14	divergent
55Z_into_FSHR	THR449(O)	C1	4.37	divergent
55Z_into_FSHR	ALA352(CB)	C31	4.39	divergent
55Z_into_FSHR	LEU535(CD2)	C6	4.48	divergent
55Z_into_FSHR	SER453(CB)	C4	4.48	divergent
O6F_into_LHCGR	TYR612(CE1)	C01	2.31	divergent
O6F_into_LHCGR	SER604(OG)	C27	2.77	divergent
O6F_into_LHCGR	SER450(OG)	C32	2.86	conserved
O6F_into_LHCGR	ALA592(CB)	C26	2.88	divergent
O6F_into_LHCGR	PHE515(CE2)	C01	3.25	divergent
O6F_into_LHCGR	PRO516(CD)	O05	3.25	divergent
O6F_into_LHCGR	MET517(CG)	C28	3.51	divergent
O6F_into_LHCGR	LEU608(CD1)	C11	3.53	divergent
O6F_into_LHCGR	ILE528(CG2)	C17	3.58	conserved
O6F_into_LHCGR	ILE599(CG2)	C26	3.64	divergent
O6F_into_LHCGR	ILE531(CG2)	C31	3.77	divergent
O6F_into_LHCGR	GLU451(OE2)	C31	3.82	divergent
O6F_into_LHCGR	ILE585(CG2)	C01	3.82	divergent
O6F_into_LHCGR	ASN535(ND2)	C32	3.93	divergent
O6F_into_LHCGR	LEU607(CB)	C11	3.95	conserved
O6F_into_LHCGR	VAL447(CA)	C33	3.97	divergent
O6F_into_LHCGR	THR446(O)	C33	4.08	divergent
O6F_into_LHCGR	ALA589(CB)	C14	4.11	conserved
O6F_into_LHCGR	LYS595(NZ)	C22	4.18	divergent
O6F_into_LHCGR	VAL519(CG2)	C22	4.23	divergent
O6F_into_LHCGR	PRO597(CB)	C26	4.29	divergent
O6F_into_LHCGR	PHE350(CE1)	C22	4.32	divergent
