LHCGR	FSHR	d_to_Org43553	d_to_Cpd21f	status
ALA349	ALA352	4.19	None	identical
PHE350	PHE353	3.34	3.90	identical
THR446	THR449	None	3.88	identical
VAL447	VAL450	3.96	3.83	identical
SER450	SER453	4.07	3.29	identical
GLU451	GLU454	3.53	3.45	identical
PHE515	LEU518	3.21	3.53	divergent
PRO516	PRO519	3.37	3.11	identical
MET517	MET520	3.49	3.70	identical
VAL519	ILE522	3.41	3.81	divergent
ILE528	VAL531	3.67	3.59	divergent
ILE531	LEU534	3.52	4.05	divergent
ASN535	ASN538	4.40	3.58	identical
ILE585	ILE588	4.48	3.92	identical
PHE588	PHE591	4.25	4.07	identical
ALA589	ALA592	3.84	3.91	identical
ALA592	ALA595	3.58	2.94	identical
ALA593	SER596	4.33	4.04	divergent
LYS595	LYS598	3.41	None	identical
PRO597	PRO600	3.27	None	identical
ILE599	ILE602	3.86	3.45	identical
THR600	THR603	None	4.11	identical
VAL601	VAL604	3.49	4.28	identical
SER604	ALA607	2.78	3.11	divergent
LEU607	LEU610	None	4.31	identical
LEU608	LEU611	None	3.79	identical
TYR612	HIS615	3.78	3.69	divergent
